scenario,return_period,raster
baseline,2,D:\Mojtaba\Renardet\2224 WS11\Majlas\Hydraulic\Flood Protection\Risk\Data\Depth\Depth 2.Terrain (2).DTM_5m.tif
scheme,2,D:\Mojtaba\Renardet\2224 WS11\Majlas\Hydraulic\Flood Protection\Risk\Data\Depth\Depth 2D.Terrain (2).DTM_5m.tif
baseline,5,D:\Mojtaba\Renardet\2224 WS11\Majlas\Hydraulic\Flood Protection\Risk\Data\Depth\Depth 5.Terrain (2).DTM_5m.tif
scheme,5,D:\Mojtaba\Renardet\2224 WS11\Majlas\Hydraulic\Flood Protection\Risk\Data\Depth\Depth 5D.Terrain (2).DTM_5m.tif
baseline,10,D:\Mojtaba\Renardet\2224 WS11\Majlas\Hydraulic\Flood Protection\Risk\Data\Depth\Depth 10.Terrain (2).DTM_5m.tif
scheme,10,D:\Mojtaba\Renardet\2224 WS11\Majlas\Hydraulic\Flood Protection\Risk\Data\Depth\Depth 10D.Terrain (2).DTM_5m.tif
baseline,25,D:\Mojtaba\Renardet\2224 WS11\Majlas\Hydraulic\Flood Protection\Risk\Data\Depth\Depth 25.Terrain (2).DTM_5m.tif
scheme,25,D:\Mojtaba\Renardet\2224 WS11\Majlas\Hydraulic\Flood Protection\Risk\Data\Depth\Depth 25D.Terrain (2).DTM_5m.tif
baseline,50,D:\Mojtaba\Renardet\2224 WS11\Majlas\Hydraulic\Flood Protection\Risk\Data\Depth\Depth 50.Terrain (2).DTM_5m.tif
scheme,50,D:\Mojtaba\Renardet\2224 WS11\Majlas\Hydraulic\Flood Protection\Risk\Data\Depth\Depth 50D.Terrain (2).DTM_5m.tif
baseline,100,D:\Mojtaba\Renardet\2224 WS11\Majlas\Hydraulic\Flood Protection\Risk\Data\Depth\Depth 100.Terrain (2).DTM_5m.tif
scheme,100,D:\Mojtaba\Renardet\2224 WS11\Majlas\Hydraulic\Flood Protection\Risk\Data\Depth\Depth 100D.Terrain (2).DTM_5m.tif
baseline,200,D:\Mojtaba\Renardet\2224 WS11\Majlas\Hydraulic\Flood Protection\Risk\Data\Depth\Depth 200.Terrain (2).DTM_5m.tif
scheme,200,D:\Mojtaba\Renardet\2224 WS11\Majlas\Hydraulic\Flood Protection\Risk\Data\Depth\Depth 200D.Terrain (2).DTM_5m.tif
baseline,500,D:\Mojtaba\Renardet\2224 WS11\Majlas\Hydraulic\Flood Protection\Risk\Data\Depth\Depth 500.Terrain (2).DTM_5m.tif
scheme,500,D:\Mojtaba\Renardet\2224 WS11\Majlas\Hydraulic\Flood Protection\Risk\Data\Depth\Depth 500D.Terrain (2).DTM_5m.tif
baseline,1000,D:\Mojtaba\Renardet\2224 WS11\Majlas\Hydraulic\Flood Protection\Risk\Data\Depth\Depth 1000.Terrain (2).DTM_5m.tif
scheme,1000,D:\Mojtaba\Renardet\2224 WS11\Majlas\Hydraulic\Flood Protection\Risk\Data\Depth\Depth 1000D.Terrain (2).DTM_5m.tif
baseline,10000,D:\Mojtaba\Renardet\2224 WS11\Majlas\Hydraulic\Flood Protection\Risk\Data\Depth\Depth 10000.Terrain (2).DTM_5m.tif
scheme,10000,D:\Mojtaba\Renardet\2224 WS11\Majlas\Hydraulic\Flood Protection\Risk\Data\Depth\Depth 10000D.Terrain (2).DTM_5m.tif
